id,first_name,last_name,email,city,state
1,John,Smith,john.smith@example.com,New York,NY
2,Sarah,Connor,sarah.connor@example.com,Los Angeles,CA
3,Michael,Brown,michael.brown@example.com,Chicago,IL
4,Emily,Davis,emily.davis@example.com,Houston,TX
5,David,Wilson,david.wilson@example.com,Phoenix,AZ
6,Linda,Moore,linda.moore@example.com,Philadelphia,PA
7,Robert,Taylor,robert.taylor@example.com,San Antonio,TX
8,Patricia,Anderson,patricia.anderson@example.com,San Diego,CA
9,Charles,Thomas,charles.thomas@example.com,Dallas,TX
10,Barbara,Jackson,barbara.jackson@example.com,San Jose,CA
11,Daniel,White,daniel.white@example.com,Austin,TX
12,Jennifer,Harris,jennifer.harris@example.com,Jacksonville,FL
13,Matthew,Martin,matthew.martin@example.com,Fort Worth,TX
14,Elizabeth,Thompson,elizabeth.thompson@example.com,Columbus,OH
15,Anthony,Garcia,anthony.garcia@example.com,Charlotte,NC
16,Jessica,Martinez,jessica.martinez@example.com,San Francisco,CA
17,Mark,Robinson,mark.robinson@example.com,Indianapolis,IN
18,Mary,Clark,mary.clark@example.com,Seattle,WA
19,Steven,Rodriguez,steven.rodriguez@example.com,Denver,CO
20,Susan,Lewis,susan.lewis@example.com,Washington,DC
21,Jhon,Walker,jhon.walker@example.com,New Yrok,NY
22,Srah,Hall,srah.hall@example,Miami,FL
23,Kevin,Allen,kevin.allen@exampl.com,Boston,MA
24,Nancy,Young,nancy.young@example.com,Detriot,MI
25,Karen,Hernandez,karen.hernandez@example.com,El Paso,TX
26,Brian,King,brian.king@example.com,Nashville,TN
27,Lisa,Wright,lisa.wright@example.com,Portland,OR
28,George,Lopez,george.lopez@example.com,Memphis,TN
29,Sandra,Hill,sandra.hill@example.com,Oklahoma City,OK
30,Edward,Scott,edward.scott@example.com,Las Vegas,NV
31,Donna,Green,donna.green@example.com,Louisville,KY
32,Paul,Adams,paul.adams@example.com,Baltimore,MD
33,Carol,Baker,carol.baker@example.com,Milwaukee,WI
34,Ruth,Nelson,ruth.nelson@example.com,Albuquerque,NM
35,Sharon,Carter,sharon.carter@example.com,Tucson,AZ
36,Joseph,Mitchell,joseph.mitchell@example.com,Fresno,CA
37,Betty,Perez,betty.perez@example.com,Sacramento,CA
38,Thomas,Roberts,thomas.roberts@example.com,Kansas City,MO
39,Dorothy,Turner,dorothy.turner@example.com,Atlanta,GA
40,Christopher,Phillips,christopher.phillips@example.com,Omaha,NE
41,Andrew,Campbell,andrew.campbell@example.com,Raleigh,NC
42,Kimberly,Parker,kimberly.parker@example.com,Miami,FL
43,Joshua,Evans,joshua.evans@example.com,Long Beach,CA
44,Ashley,Edwards,ashley.edwards@example.com,Virginia Beach,VA
45,Jacob,Collins,jacob.collins@example.com,Oakland,CA
46,Megan,Stewart,megan.stewart@example.com,Minneapolis,MN
47,Ryan,Sanchez,ryan.sanchez@example.com,Tampa,FL
48,Laura,Morris,laura.morris@example.com,Arlington,TX
49,Justin,Rogers,justin.rogers@example.com,New Orleans,LA
50,Angela,Reed,angela.reed@example.com,Anaheim,CA